<?xml version="1.0" encoding="UTF-8"?>
<Configuration >
  <Appenders>
    <Console name="Console" target="SYSTEM_OUT">
      <PatternLayout pattern="%d{HH:mm:ss.SSS} [%t] %-5level %logger{36} - %msg%n"/>
    </Console>

    <File name="MyFile" fileName="logs/app.log">
      <PatternLayout pattern="%d{yyyy-mm-dd HH:mm:ss.SSS} [%t] %-5level %logger{36} - %msg%n"/>
    </File>

  </Appenders>

  <loggers>
    <root level="trace">
      <appender-ref ref="Console" level="trace" />
      <appender-ref ref="MyFile" level="error"/>
    </root>
  </loggers>
</Configuration>